{
	"id": "0e516999-c199-4996-9f98-2f4c0afc6578",
	"name": "Acapy-anoncreds-local",
	"values": [
		{
			"key": "issuer-url",
			"value": "localhost:3001",
			"enabled": true
		},
		{
			"key": "holder-url",
			"value": "localhost:4001",
			"enabled": true
		},
		{
			"key": "issuer-label",
			"value": "Issuer",
			"enabled": true
		},
		{
			"key": "holder-label",
			"value": "Holder",
			"enabled": true
		},
		{
			"key": "issuer-did",
			"value": "did:cheqd:testnet:2159cc9a-7042-407f-af9c-7331b2b27618",
			"enabled": true
		},
		{
			"key": "holder-conn-id",
			"value": "811ef32a-60a5-4b7e-b219-2c29c08e8f48",
			"enabled": true
		},
		{
			"key": "issuer-conn-id",
			"value": "660408e4-b7ca-474b-958f-e4f2381d67e9",
			"enabled": true
		},
		{
			"key": "cred-def-id",
			"value": "did:cheqd:testnet:2159cc9a-7042-407f-af9c-7331b2b27618/resources/03bd0abf-19c9-4019-9e82-a401c52ac46a",
			"enabled": true
		},
		{
			"key": "holder-exc-id",
			"value": "472776c7-392c-4d08-b29b-0ff46a45df1b",
			"enabled": true
		},
		{
			"key": "presentation-exc-id",
			"value": "b7016ddd-36c6-46ca-9845-94dc79fc05c3",
			"enabled": true
		},
		{
			"key": "issuer-exc-id",
			"value": "37a61dfc-0f62-4ae5-a272-d2401e9b9601",
			"enabled": true
		},
		{
			"key": "holder-cred-id",
			"value": "5ab0f203-5575-4a95-a258-074d48d66ae2",
			"enabled": true
		},
		{
			"key": "issuer-did-doc",
			"value": "{\"@context\":[\"https://www.w3.org/ns/did/v1\",\"https://w3id.org/security/suites/ed25519-2020/v1\"],\"id\":\"did:cheqd:testnet:2159cc9a-7042-407f-af9c-7331b2b27618\",\"controller\":[\"did:cheqd:testnet:2159cc9a-7042-407f-af9c-7331b2b27618\"],\"verificationMethod\":[{\"id\":\"did:cheqd:testnet:2159cc9a-7042-407f-af9c-7331b2b27618#key-1\",\"type\":\"Ed25519VerificationKey2020\",\"controller\":\"did:cheqd:testnet:2159cc9a-7042-407f-af9c-7331b2b27618\",\"publicKeyMultibase\":\"z6MkiYwNYv5Fxtphb3wZs9Rh4QZ3vu3BpqoSXmJMq4LwUHPW\"}],\"authentication\":[\"did:cheqd:testnet:2159cc9a-7042-407f-af9c-7331b2b27618#key-1\"]}",
			"type": "any",
			"enabled": true
		},
		{
			"key": "schema-id",
			"value": "did:cheqd:testnet:2159cc9a-7042-407f-af9c-7331b2b27618/resources/2ef4312e-cd41-40e4-aab2-2b25557b3f52",
			"type": "any",
			"enabled": true
		},
		{
			"key": "encoded-cred-def-id",
			"value": "did%3Acheqd%3Atestnet%3A2159cc9a-7042-407f-af9c-7331b2b27618%2Fresources%2F03bd0abf-19c9-4019-9e82-a401c52ac46a",
			"type": "any",
			"enabled": true
		},
		{
			"key": "invitation",
			"value": "{\"@type\":\"https://didcomm.org/out-of-band/1.1/invitation\",\"@id\":\"18584525-8de0-470d-9883-812135bf2a8b\",\"label\":\"Invitation to Holder\",\"handshake_protocols\":[\"https://didcomm.org/didexchange/1.0\"],\"services\":[{\"id\":\"#inline\",\"type\":\"did-communication\",\"recipientKeys\":[\"did:key:z6MkhL5cQhM3sDy29qJWyJU67MTXhu85yvMGGpah2PosfBhz#z6MkhL5cQhM3sDy29qJWyJU67MTXhu85yvMGGpah2PosfBhz\"],\"serviceEndpoint\":\"http://issuer:3002\"}]}",
			"type": "any",
			"enabled": true
		},
		{
			"key": "holder-pres-exc-id",
			"value": "860b2332-6c41-4fb0-be3b-aefdaa8ab61d",
			"type": "any",
			"enabled": true
		},
		{
			"key": "proof-request",
			"value": "{\"name\":\"proof\",\"version\":\"1.0\",\"requested_predicates\":{\"additionalProp1\":{\"name\":\"score\",\"p_value\":50,\"p_type\":\">\",\"restrictions\":[{\"cred_def_id\":\"did:cheqd:testnet:2159cc9a-7042-407f-af9c-7331b2b27618/resources/03bd0abf-19c9-4019-9e82-a401c52ac46a\"}]}},\"requested_attributes\":{},\"non_revoked\":{\"to\":1734606334},\"nonce\":\"610738249779082671112757\"}",
			"type": "any",
			"enabled": true
		},
		{
			"key": "relevant-creds",
			"value": "[{\"cred_info\":{\"referent\":\"5ab0f203-5575-4a95-a258-074d48d66ae2\",\"schema_id\":\"did:cheqd:testnet:2159cc9a-7042-407f-af9c-7331b2b27618/resources/2ef4312e-cd41-40e4-aab2-2b25557b3f52\",\"cred_def_id\":\"did:cheqd:testnet:2159cc9a-7042-407f-af9c-7331b2b27618/resources/03bd0abf-19c9-4019-9e82-a401c52ac46a\",\"rev_reg_id\":\"did:cheqd:testnet:2159cc9a-7042-407f-af9c-7331b2b27618/resources/9622f851-4801-420f-9bd6-5ac283299cd3\",\"cred_rev_id\":\"2\",\"attrs\":{\"score\":\"80\"}},\"interval\":{\"to\":1734606334},\"presentation_referents\":[\"additionalProp1\"]}]",
			"type": "any",
			"enabled": true
		}
	],
	"_postman_variable_scope": "environment",
	"_postman_exported_at": "2024-12-19T11:26:32.691Z",
	"_postman_exported_using": "Postman/11.19.0"
}